Cell number,Location of the middle of cell in X axis (pixels),Location of the middle of cell in X axis (pixels)
1,3522.9,937.52
2,2887.7,1368.4
3,2711.3,1476.3
4,2337.8,711.56
5,2339.9,598.82
6,2714.1,477.01
7,2766.1,657.58
8,2642.8,246.62
9,2630.3,380.15
10,3570.6,708.91
11,2151.8,948.55
12,2301.9,96.053
13,2147.9,1126.3
14,2986.7,1128.7
15,2865.8,1484.1
16,3626.3,1013.9
17,2269.5,1089.8
18,2865.5,813.99
19,3057.3,1200.8
20,2878,1280
21,2769.2,971.48
22,2998.1,958.11
23,2683.7,131.55
24,2373.7,1269.7
25,2873.4,436.06
26,2469.7,682.14
27,2459.8,1542.6
28,2665,1944.7
29,2197.4,1698.5
30,3379.9,563.82
31,2722.8,586.94
32,2630.5,1326.6
33,3444.5,795.99
34,2355.5,1209.2
35,2309.3,768.83
36,3214.4,125.26
37,2226.2,1494.3
38,2201.6,1351.3
39,2342.6,1538
40,3523.8,1237.3
41,2588.7,702.97
42,2537.3,1827.4
43,2594.6,1494.2
44,2508,1011.6
45,2697.4,763.81
46,5710.6,604.34
47,5649.9,1482.4
48,5670.9,1054.1
49,5643.2,1217.1
50,5440.1,1112.8
51,5347.2,821.49
52,5350.7,503.73
53,5411.3,669.09
54,5408.1,1421.7
55,4929.3,1418.1
56,4859.8,1931.7
57,4889.1,770.6
58,4746.7,915.39
59,5071.2,877.27
60,4726.8,617.55
61,4496,909.04
62,4724.5,1259.2
63,4190.9,778.38
64,5501.6,923.14
65,4613.6,380.93
66,5623.9,819.79
67,5042.3,673.13
68,5252.6,575.2
69,4755.5,398.17
70,5772.7,990.12
71,4342.3,145.85
72,5785,1374.2
73,5503.8,1376.3
74,5435.4,1604.1
75,5078.1,413.48
76,5922.8,1268.7
77,4545.3,622.64
78,4824.5,454.07
79,4490.6,372.07
80,5303.2,159.06
81,5053.7,532.62
82,5327.3,1793.1
83,5279.9,1566.2
84,7840.9,683.73
85,7861,444.6
86,7804.2,1096.9
87,7724.6,388.94
88,7553.4,650.51
89,7559.8,870.99
90,7397.5,800.42
91,7446.7,154.23
92,7243.1,89.267
93,7326.3,677.68
94,7101.7,1957.1
95,7195,778.09
96,7203.5,382.85
97,7147.3,176.33
98,7209.9,589.13
99,7029.9,1762.3
100,7063.3,784.39
101,6979.2,1938.2
102,6912.1,672.66
103,6954.9,1566.3
104,6872.9,935.86
105,6718.8,1802.4
106,6809.5,1610.6
107,6730,761.05
108,6749.1,230.73
109,6638.8,1583.1
110,6655.8,1203.2
111,6575.4,1356.3
112,6564.9,1788.8
113,6497.4,1485.3
114,6462.1,1657.5
115,6518.3,226.82
116,6439.9,1829.3
117,6277.2,1629.4
118,7683.1,706.69
119,7353.2,560.78
120,7962.8,764.99
121,7194.9,963.78
122,7137.6,1633.4
123,7616.5,529.42
124,7422.5,997.42
125,7112.8,1395.4
126,7780.7,946.48
127,7452.3,1464.1
128,8793.8,1615.8
129,8573.8,1546.4
130,8402,1308.6
131,8153.3,1205.1
132,8180.2,1347.8
133,8784.2,1836.2
134,8645.6,1749.6
135,8708.3,1520.2
136,8603.8,1987.6
137,8433.3,1746.1
138,8980.3,1936.5
139,9096.6,2024.4
140,8452.6,1872.8
141,8107.2,1464.6
142,9644.5,2032.9
143,8324.8,2007
144,8195.7,1871.2
145,8393.6,1469.4
146,9353.9,1978.1
147,9097.3,1641.1
148,9264.1,1891.8
149,11935,63.269
150,11914,1485.8
151,11784,639.6
152,11741,836.61
153,11591,688.03
154,10417,1198.7
155,11909,692.23
156,11749,1783.7
157,11695,661.26
158,11052,1596.2
159,10193,1935
160,10243,1592.1
161,11979,833.94
162,10480,1406.7
163,11700,341.65
164,11249,478.96
165,11295,326.34
166,10820,1745.1
167,11888,1616.5
168,11630,1941.4
169,11961,1768.7
170,11653,879.36
171,11158,1107.1
172,11076,1490.9
173,11867,1053.1
174,10965,1044.2
175,10775,919.4
176,11120,1185.8
177,10552,1705.5
178,11336,1530.6
179,10861,1250.1
180,11841,1178.2
181,11450,528.53
182,10759,1928.6
183,11819,1303.8
184,10983,527.76
185,11001,766.15
186,11952,191.44
187,11457,253.82
188,11063,433.96
189,10929,1570.9
190,10558,908.58
191,11488,864.33
192,11486,369.01
193,11092,918.43
194,10962,420.3
195,10859,1443.6
196,11464,1677.5
197,11622,1467.4
198,11058,680.79
199,11018,1765.6
200,11142,1921.8
201,11466,1934
202,13649,484.35
203,13211,814.53
204,13093,195.33
205,12833,1334.7
206,12365,1709.8
207,12312,1489.6
208,12789,244.64
209,12737,100.64
210,12605,780.49
211,12517,1355.4
212,12588,592.68
213,12378,781.12
214,13962,1467.6
215,12911,357.11
216,12684,1422.3
217,12532,933.57
218,12767,764.28
219,12485,1424.1
220,12536,1201.9
221,12439,681.14
222,12270,1220.2
223,13721,1186.5
224,13660,1591.2
225,12983,255.75
226,12589,286.42
227,13196,362.13
228,12799,1204.8
229,12621,1040
230,12361,522.65
231,12270,1771.8
232,13800,1520.7
233,12179,1283
234,13300,1281.7
235,13859,1414
236,12640,1270.1
237,12535,497.04
238,12359,326.33
239,13129,1884.3
240,12221,744.11
241,13801,1262.3
242,12346,130.04
243,12333,882.66
244,13474,1596
245,13569,1074.5
246,12228,615.62
247,12510,201.76
248,12415,1618.2
249,13453,662.33
250,12959,1613.4
251,12900,1718.9
252,13409,1696.2
253,13080,1599.1
254,12985,681.48
255,15433,873.79
256,15415,471.61
257,15315,607.97
258,15293,788.04
259,14957,1442.5
260,14910,1553.6
261,14706,1171.2
262,14545,1241.3
263,15640,845.86
264,15432,1795.7
265,15498,819.27
266,15522,656.65
267,15441,726.62
268,14881,90.001
269,15365,663.44
270,15122,209.9
271,15611,513.75
272,15466,1199
273,14554,1660.4
274,15171,907.59
275,14920,685.25
276,16297,155.79
277,16693,1909.8
278,17723,1130.2
279,17841,611.39
280,17795,1359.2
281,17321,1668
282,17597,1004
283,17968,622.06
284,16157,91.888
285,17866,1142.2
286,16228,45.754
287,16390,69.604
288,16255,169.59
289,17008,533.73
290,16469,829.99
291,17335,1215.9
292,16530,308.17
293,18000,755.26
294,17982,107.17
295,17305,251.79
296,17626,1305.2
297,17096,1971.1
298,16377,836.93
299,17253,480.16
300,17112,1683.5
301,17016,84.79
302,16948,1734.7
303,17064,732.41
304,16704,1611.1
305,17697,1999
306,17788,1830.6
307,17475,1990.1
308,16856,807.42
309,16791,81.715
310,16740,1454.3
311,17949,924.25
312,17346,1455.6
313,16924,1984.5
314,17819,1950.5
315,17258,1606
316,17600,347.46
317,17938,1144.7
318,17541,1472.1
319,19041,1404.5
320,19815,733.56
321,18626,1071.6
322,19532,854.25
323,19415,995.31
324,19598,95.352
325,19729,834.87
326,19819,530.83
327,19281,1175
328,18853,1659.1
329,19305,1058
330,18588,1225.8
331,19906,222.26
332,19864,808.82
333,19403,255.04
334,19288,278.1
335,18782,1152.9
336,19934,63.787
337,19017,1191.9
338,19048,455.63
339,19801,359.66
340,19685,1117
341,19620,753.14
342,19334,1186.2
343,18350,1042.1
344,19650,423.09
345,19132,1617.4
346,18977,1005.1
347,19758,118.51
348,18641,925.66
349,19998,413.34
350,19740,639.88
351,18630,481.49
352,18864,797.57
353,19556,541.68
354,18413,862.49
355,20758,1611.1
356,21116,658.33
357,20993,303.43
358,21946,1197.3
359,22004,1330.5
360,21866,1119
361,21005,823.04
362,20985,758.4
363,20794,163.44
364,21375,297.32
365,20829,1164.4
366,20224,1722.9
367,20308,724.85
368,21952,885.76
369,21692,45.662
370,21848,1428.5
371,21722,1077
372,20938,1052
373,20775,1243.4
374,21956,1970.1
375,21581,339.47
376,20647,1403.3
377,20654,1621.4
378,20945,1436.9
379,21053,1346.7
380,21562,158.3
381,21450,274.29
382,20376,1836.5
383,21990,274.08
384,21909,1029.8
385,21831,115.57
386,21828,385.88
387,20832,416.29
388,21799,1247.6
389,20621,1701.9
390,20978,375.32
391,22704,938.15
392,22692,47.871
393,23450,1795.3
394,23213,1882.1
395,22574,367.86
396,22964,1153.4
397,23281,1970.8
398,22800,1019.4
399,22547,676.95
400,22750,819.49
401,22455,795.7
402,23307,98.698
403,22999,412.28
404,22938,952.71
405,22342,1280.9
406,23013,213.53
407,22607,1620.3
408,23041,1558.8
409,23216,60.94
410,22516,1539.9
411,24005,933.45
412,22669,1403
413,22311,1380
414,22353,463.27
415,22738,650.01
416,22767,1964.4
417,22303,1118
418,23395,102.73
419,24033,1008.4
420,22999,1367.7
421,22562,804.97
422,23604,1788.5
423,22784,902.7
424,22437,1142.8
425,23002,1241.1
426,22909,1993.4
427,23828,73.079
428,22475,939.37
429,23217,1280.9
430,22975,1073.7
431,22764,1842.5
432,22650,1855.5
433,22420,75.225
434,23877,99.913
435,23784,1747.3
436,23939,795.8
437,22549,74.329
438,23487,2917.7
439,23245,2863.4
440,23461,2644.5
441,23620,3811.1
442,23404,3778.8
443,23916,2631.2
444,22769,3508.7
445,23172,2852
446,22440,2888.7
447,22241,3815.8
448,23162,2175.4
449,22379,3821.1
450,23724,2879.6
451,22325,3522.6
452,22182,3220.9
453,23378,2711
454,23823,2711.9
455,22761,3854.8
456,23362,2954.1
457,22745,2855
458,23859,3374.9
459,23616,3009.7
460,22131,2981
461,22142,2764.3
462,23753,3516
463,23374,2233.6
464,23490,3490.7
465,23797,3723.3
466,23696,4032.8
467,23596,3882.7
468,22204,4006.6
469,20939,3194.1
470,20946,2909.7
471,20724,3255.6
472,21150,3950
473,21587,3332.6
474,21847,2770.3
475,21247,2491.3
476,20935,3732.9
477,21653,3278.3
478,20997,2761.4
479,20752,3785.6
480,21125,2932
481,20851,3022.7
482,20438,3482.9
483,21845,2473.8
484,20321,2701.4
485,21193,2363.2
486,20710,3968.9
487,20306,3395.9
488,20376,3100.8
489,21888,2595.1
490,21301,3618.2
491,20887,3223.3
492,20746,2775.6
493,21363,3452.7
494,20931,3559.6
495,20844,3425.3
496,20641,2961.3
497,20578,3364.8
498,21834,2697.4
499,21192,3362.2
500,21045,3414.9
501,20425,4013.6
502,21804,2222
503,21214,3751.9
504,20961,3869.4
505,21757,3352.2
506,21742,3496.1
507,20747,3347
508,20304,3690.8
509,20200,2921.9
510,20172,3971.4
511,21907,2998.6
512,21171,2697.2
513,20497,2929.9
514,20583,3225.8
515,21710,2340.2
516,21403,3272.9
517,21898,3295.2
518,20753,3103.9
519,20657,2604.3
520,21388,2402.7
521,20458,3223.5
522,20535,2711.9
523,21766,3297.7
524,20908,4027
525,20421,2801.1
526,21623,2253.3
527,20352,2988.7
528,21597,3553.2
529,21926,3835.5
530,20412,2233.6
531,21444,3559.5
532,19627,2791.9
533,19649,2446.3
534,19565,2726.9
535,19465,3470
536,19284,2557
537,19786,3846.8
538,19674,2657.1
539,18908,2756.4
540,19425,2447.1
541,19207,2407.7
542,19619,3536.8
543,19616,3765.4
544,19488,2587.8
545,19537,3813.2
546,19834,2697.5
547,19876,3176.9
548,19654,3276.5
549,19088,2746.9
550,19321,3188.8
551,19328,2239.1
552,19457,4005.1
553,19076,3679.9
554,19813,2219.4
555,19374,3319
556,19893,3295.4
557,19387,3479.8
558,18785,2304
559,19134,3863.1
560,18478,2873.1
561,18851,3099.5
562,18728,2977.8
563,19094,3445.8
564,18581,2884.8
565,18611,2600.4
566,19838,2357.3
567,18966,2861.6
568,19243,3522.1
569,19184,3971.9
570,18335,3259.4
571,18316,3826.4
572,18359,3128.8
573,18706,2717.5
574,19250,3363.8
575,18716,3370.6
576,18610,3304.6
577,18569,3739.5
578,18345,3590.6
579,16393,2315.5
580,16263,2975.2
581,16958,2637.4
582,16277,3659.6
583,16597,4025.2
584,17857,3158.1
585,17043,2514.3
586,16337,3189
587,16493,3312.4
588,16638,2210.9
589,16303,3374.9
590,16200,2466.7
591,17220,2378.4
592,16977,2912.8
593,16283,3557.6
594,17502,2763.9
595,17162,2309.2
596,16940,3938.2
597,16734,2584.6
598,16558,2926
599,16695,2440.9
600,16124,3138.9
601,17346,3339.7
602,17066,2427.4
603,16550,2413.5
604,16515,3869.8
605,14747,2556.2
606,14284,2590.7
607,14488,2878.7
608,14343,2343.6
609,15300,3331.7
610,14617,3149.9
611,14458,3816.9
612,15198,2988.1
613,14737,2250.5
614,15253,3159.2
615,14967,3725.3
616,14731,3331.8
617,14551,3947
618,14136,3835.4
619,14426,3367.3
620,15376,3811.8
621,14993,3265.2
622,14301,3049.6
623,14407,2999
624,14135,3545.8
625,15212,3354.3
626,14230,3699.8
627,15426,2911.8
628,15191,3449.6
629,15185,3764.3
630,15133,3645.3
631,15324,3529.2
632,14988,3471.5
633,15748,3705.5
634,15745,2637.3
635,15717,2488.6
636,15203,2796.4
637,14233,3350.6
638,15627,3673.4
639,15578,2517.8
640,15362,3279.1
641,14879,2634.4
642,14655,2758.8
643,15403,3122.3
644,15014,3929.2
645,14760,3880.6
646,15236,3917.3
647,15781,2974.7
648,15839,3611
649,15701,4014.5
650,15653,3735.7
651,15504,3407.7
652,15636,2840.9
653,15755,3230.5
654,14309,3959.8
655,15598,3069.1
656,13494,2529.8
657,13122,2599.8
658,13170,3936.4
659,12989,3621.9
660,12997,2646.5
661,12992,2413
662,12874,3868.9
663,12860,2685.2
664,12783,3692.1
665,12752,2223.1
666,12407,2401.1
667,12451,3470
668,12255,2877.2
669,12262,3283.1
670,13447,3760.2
671,13543,3159.8
672,12179,3989.4
673,12904,2253.7
674,13294,3746.7
675,12852,2527.6
676,12319,3052.3
677,12880,2863.3
678,12823,2924.7
679,12835,3033.7
680,13105,2455.1
681,12292,3924.9
682,12378,3122.3
683,13115,3365.1
684,12185,3581
685,12600,3009.4
686,12887,3518.3
687,11783,3342.3
688,11818,3867
689,11389,3640.9
690,11142,3581.8
691,10923,2970.7
692,10937,3775.5
693,10934,3521.2
694,10877,3140.5
695,10776,3728
696,10720,3047
697,10710,3299.6
698,10668,3474.3
699,10689,2657.2
700,10625,2751.7
701,10471,3088.2
702,10481,3815.3
703,10281,3842.2
704,10377,3518
705,10543,3776.4
706,11093,3051.1
707,10536,2847.8
708,11381,2885.2
709,11191,2278.3
710,11150,3730.3
711,10606,3966.8
712,11728,3978.6
713,10862,3370
714,10369,3866.4
715,10695,3827.6
716,10448,3294.2
717,10317,3213.1
718,10588,3083.8
719,11040,2595.7
720,11142,2716.6
721,9661.3,3467.3
722,9742.4,3148.6
723,9649.7,3338.3
724,9630.1,3048.2
725,9510.6,3171.5
726,9409,3549.7
727,9355.6,2987
728,9307.1,3573.5
729,9265.6,2766.6
730,9289.3,2544.1
731,9222.4,3893.2
732,9041.5,3961.1
733,8931,4033.4
734,8988.5,3889.3
735,8937.5,2619.2
736,9015.3,2237.5
737,8777.9,3957.6
738,8870.7,2801
739,8710.7,2726.2
740,8702.6,3640.4
741,8540.3,3796.6
742,8477.3,3199.3
743,8370.5,3766.8
744,8326.2,2625.8
745,8419.1,3454.8
746,8069.3,2945.1
747,8075.6,2689.4
748,8315.1,2648.4
749,9522.7,4013.6
750,9531.1,2355.8
751,8476.6,2543.1
752,8754.1,2356.1
753,8914.2,2396.6
754,8223.3,3321.5
755,8220.2,2894.6
756,9808.6,2551.5
757,9278.5,3201.7
758,8872,3719.4
759,8234,2498.1
760,8058.3,3266.4
761,8230.2,2998.5
762,8106.8,2242.4
763,8197.2,3607.8
764,8804.2,3056.9
765,8575.1,2775.1
766,8336.7,3567
767,9316.7,3818.5
768,9465.6,2807
769,9158.5,2404
770,9278.3,3460.3
771,9011.5,3270.6
772,7668,3532.3
773,7478.7,3360.5
774,7544.8,2967.4
775,7433.8,3252.1
776,7322.9,3675.1
777,7356.8,2953.3
778,7145.6,3524.8
779,7220.7,3101.9
780,7188.2,3212.4
781,7091.5,3805.8
782,6975.8,2308.3
783,6875.4,3276.1
784,6371.3,2765.3
785,6397.4,3208.5
786,6314,2698.4
787,6301.9,2409.8
788,6359.5,2559.1
789,6171.1,2536.1
790,6125.3,3187.8
791,6645.3,3189.8
792,6937.6,3487.4
793,6236.8,3091.3
794,7288.9,2452.7
795,7535.7,3622.4
796,7629.4,3151.1
797,6434.8,2417
798,6158.4,3470.3
799,6240,2792
800,6764.9,3126.8
801,6513.1,3686.5
802,6259.2,3401.1
803,7627.3,3947
804,6996.6,4001.2
805,6225.2,4012.2
806,6287.4,3618.1
807,6143.5,3709.6
808,6825.7,3932.1
809,6654.8,2567.6
810,5634.4,3303.7
811,5459.4,3562
812,5323.7,2788.5
813,5286.2,2596.3
814,5348.9,3219.2
815,5243.2,2443.8
816,5197.3,3884
817,5230.9,3706.8
818,5127.7,3575.4
819,5141.2,2917.2
820,5019.8,2489
821,5068.8,3984.4
822,4892.2,3970.6
823,4451.5,3177.9
824,4354.6,2493.1
825,4338.2,3584.8
826,4246.6,2616.1
827,4123,2738
828,5302.6,2960.4
829,5103.1,3783.1
830,5426.2,2821
831,5629,3708
832,5218.9,3194.4
833,4907.8,3103.2
834,4927,3825.1
835,5209.2,3074.3
836,5448.1,3856.6
837,5115.1,3130.9
838,4936.4,3647.7
839,4803.3,4004.5
840,5136,3451.5
841,5412.6,3767.9
842,3618,2739.1
843,3497.4,3104
844,3212,2502.1
845,2991.6,2267.8
846,2961.6,2849.7
847,2942.3,3073.1
848,2827.2,3185.3
849,2780.5,3001.2
850,2762.1,3082.5
851,2582.1,3000.8
852,2548.8,3542.1
853,2530.9,2534.3
854,2972.8,2380.2
855,2967.4,2240.7
856,2752,2524
857,2830.9,2266.8
858,3407.4,2860.6
859,2841.1,2430.7
860,2720.5,2366.9
861,2915,2587.2
862,1480.7,5874.1
863,1456.6,5624.8
864,1361.1,5508.4
865,1440.2,5312.8
866,1260,5981.6
867,1186.3,5480.6
868,1256.6,5669.1
869,1061.2,4532.2
870,1096.3,5364.5
871,963.55,4751.3
872,1097.7,5824.4
873,1033.4,5644
874,893.55,4675.7
875,905.22,5332.4
876,853.2,5965.1
877,761.24,5708.1
878,755.16,5062
879,929.09,5826.8
880,591.07,5345.7
881,521.59,5819.4
882,434.3,5467.4
883,263.54,4433
884,1337,4664.7
885,585.98,5968.7
886,498.06,4394.5
887,328.4,5583.6
888,636.98,5215.8
889,557.78,5594.4
890,156,5793
891,165.58,4805.9
892,335.26,5703.5
893,60.665,5242.7
894,52.227,5592.2
895,787.77,5788.9
896,72.941,4451.1
897,1597,5653.8
898,728.02,5462.5
899,1278.8,5383.4
900,1335.1,4405.2
901,783.12,5125.7
902,360.27,5916.5
903,461.34,5163.5
904,107.43,6013.3
905,336.36,4991.6
906,311.72,5299.6
907,553.92,5017.9
908,111.43,5382.7
909,1240.8,5801.5
910,469.93,4809.2
911,808.38,5232.9
912,353.88,5156.8
913,635.83,4948.6
914,491.84,4561.3
915,170.23,5946.6
916,3372.6,4886.3
917,3093.7,5574.7
918,3089.5,5096.3
919,3061.4,5271.6
920,2979.2,5477.2
921,2926.7,5933.2
922,2870.5,5761.7
923,2746,5638.6
924,2613.2,5923
925,2607.4,5744.6
926,2510.4,5545
927,2396.8,5721.4
928,2365.6,5484.6
929,2305.3,5564.7
930,2978.7,5723.3
931,5576.4,6024.2
932,5440.3,5916.4
933,5320,5843.7
934,5170.8,5781
935,4915,5679.3
936,4921.4,5156.6
937,4875.4,5456
938,4834.2,5308.6
939,4837.5,4975.8
940,4739.4,5545.6
941,4716.5,5383.2
942,4751.5,5126.9
943,4577.7,4273.8
944,4802,4592
945,4495.2,5018.4
946,4576.3,5416.3
947,4422.1,4901.2
948,4378.3,4405.7
949,4290.2,4762.5
950,4205.7,4910.5
951,4155.1,5399.1
952,5129.5,4334
953,4696.9,4861.7
954,4486,4645.3
955,5026.1,5370.7
956,4950.5,4832.9
957,5619,4631.4
958,5700.7,5793.3
959,4462.2,5320.5
960,5508.2,5578.5
961,5371.1,4773.5
962,4193.7,4469
963,4137,5707
964,5007.6,4435.4
965,4125.5,5014.7
966,4793.2,4758.5
967,5116.3,4718.5
968,4196.6,5217.3
969,5357.6,5039.9
970,5166.9,4862.7
971,4749.3,5022.6
972,5686.4,5222.8
973,4516.8,5889.4
974,5685.1,5492.1
975,5350.8,4598
976,5217.5,5271
977,5108,5426.8
978,5433.1,4472.1
979,5951.9,5816.6
980,5631.6,5864.7
981,5393.1,5485.1
982,5180.8,4534.3
983,4814.8,4312.6
984,5551.3,4936.2
985,7894.1,5021.7
986,7946.1,5291.8
987,7391.9,5978.3
988,7349.5,5851.4
989,7275.8,4619.6
990,7213.4,6002.5
991,7162.2,4927.4
992,6985.1,4769.9
993,6908,4612.4
994,6745.1,4469.1
995,6863.6,5047.3
996,6863.6,4913.4
997,6311.3,4866.1
998,6317.1,5146.6
999,6346.5,4576.4
1000,6259.5,5867
1001,7141.4,4515.6
1002,6306.9,4999.3
1003,6362.6,5743.6
1004,7856.7,5148.3
1005,6426.6,5016.8
1006,6197,5306.3
1007,7717,4631.1
1008,7425.3,4772.3
1009,6339.5,4255.7
1010,6391.4,5237.4
1011,6107.4,5911.4
1012,7432.7,5163.7
1013,7682,5527.3
1014,7611.9,5467.9
1015,7271.9,5088.4
1016,6544,5139.3
1017,6430.8,5382.2
1018,7315.7,5278.6
1019,6466,5292.6
1020,7135.7,5668.7
1021,6344.3,5504.4
1022,7797.1,6006.2
1023,7223.7,4783.5
1024,6606.2,5013.1
1025,7776.9,5666.9
1026,7817.7,5498.9
1027,7078.6,5302.3
1028,7574.1,5565.9
1029,7369,5423.8
1030,6846.3,5543.8
1031,6301.9,4910.1
1032,6876.9,5250
1033,7211.2,5539.4
1034,9929.4,4367
1035,9973.7,5557.5
1036,9874.6,5678.9
1037,9494.9,5024.6
1038,9483.3,5225.8
1039,9238.4,5291.3
1040,9049.7,5549.9
1041,8765.9,5619.7
1042,8994.4,4696.3
1043,8949.2,5460.4
1044,8913.5,4341.6
1045,8843.3,4458.6
1046,8801.2,4770.9
1047,8792.3,5417.3
1048,8656.2,4239.4
1049,8570,5397.6
1050,8703,5746.7
1051,8614.4,4399.8
1052,8641.5,5186.9
1053,8612.2,5618.1
1054,8495.4,4609.5
1055,8449.3,5703.4
1056,8292.8,5484.4
1057,8299,4186.9
1058,8133.6,4265.1
1059,9592.5,4867.3
1060,8568.2,4914.8
1061,9600.5,5547.3
1062,9028.8,4228.6
1063,9572.4,4136.2
1064,8873.9,5108.5
1065,8073.8,5285.3
1066,9402.5,4624.6
1067,8596.4,4178
1068,8105.8,4484.6
1069,9243.5,5177.3
1070,8229.3,5657.8
1071,9393.8,4852.8
1072,9334.4,5431
1073,8906.1,4878.1
1074,8413.4,5526.8
1075,8833.8,4568.7
1076,8791.6,5254.6
1077,8138.1,5194.1
1078,9852.4,5507.9
1079,9042.8,5259.4
1080,9226.7,4630.7
1081,9159.5,4158.7
1082,9309.9,4276.2
1083,9133.2,4534.6
1084,9993.8,5445.5
1085,9942.7,5188.6
1086,9850.7,4596.6
1087,9640.7,4427.4
1088,9915.5,5997.8
1089,9482.6,4809.1
1090,8170.6,4637.8
1091,8065.3,5010.1
1092,8534.4,6022
1093,9659.3,4836.2
1094,9617.1,4581.7
1095,9981,4457.3
1096,8131.6,5541.9
1097,8258.7,4568
1098,9702.9,5248.9
1099,9048.6,5645.4
1100,11923,4249.8
1101,11636,4673.6
1102,11678,6010.8
1103,11514,4847.6
1104,11617,5586.7
1105,11487,5619.9
1106,11480,5174.5
1107,11440,5059.6
1108,11372,5347.1
1109,11229,5199.6
1110,11342,5520
1111,11300,4882
1112,11073,4893.4
1113,11043,5098.2
1114,10917,4339
1115,10836,5392.5
1116,10898,5205.6
1117,10930,4738.4
1118,10862,4876.8
1119,10726,4764.9
1120,10665,5355.4
1121,10618,5275.2
1122,10540,4836.5
1123,10396,5363.7
1124,10394,5571.1
1125,10332,4398.1
1126,10245,5400.7
1127,10162,5599.5
1128,11597,5372.2
1129,11341,4744.3
1130,11111,4312.6
1131,11470,4453.1
1132,10428,5747.3
1133,11574,4934.8
1134,11672,5038.8
1135,10834,5050.1
1136,11632,5819.5
1137,11523,4570
1138,11754,4784.9
1139,10275,4866.2
1140,10734,5191.4
1141,11604,4312.9
1142,10318,5861.1
1143,11448,4830.3
1144,11519,5618.1
1145,11548,5248.7
1146,11993,6006
1147,11786,6009.7
1148,11841,5026.5
1149,11679,5200.7
1150,11758,5892.8
1151,11960,4595.1
1152,11966,5645.6
1153,13790,4680.4
1154,13664,4684.8
1155,13710,5082
1156,13503,4698.5
1157,13383,4634.8
1158,13425,4912.9
1159,13399,5305.9
1160,13298,4395
1161,13301,4853.7
1162,12564,4916.5
1163,12549,5671.9
1164,12576,4598.6
1165,12485,5018.3
1166,13930,5269
1167,13737,4872.4
1168,13588,4814
1169,13557,5255.4
1170,13586,4994.7
1171,13495,5385.1
1172,12255,5446
1173,14000,5939
1174,12843,5766.6
1175,12278,5099.5
1176,13940,4686
1177,13078,5405.6
1178,13859,5196.3
1179,13823,4855.5
1180,12618,5274.6
1181,13969,5527.1
1182,13631,5732.1
1183,13613,4902.9
1184,14955,4742.7
1185,15329,5588.4
1186,14794,4845.3
1187,14473,6009.7
1188,15092,5090
1189,15132,5601.3
1190,15045,4791.7
1191,15117,5497.5
1192,15402,5311.1
1193,15651,5286.8
1194,15178,5002
1195,14665,4756.7
1196,14906,5454.1
1197,14972,5500.9
1198,14691,5880.6
1199,15613,5585.3
1200,15128,4417.4
1201,15231,4380.1
1202,14821,4712.1
1203,14624,5324.7
1204,15455,5614.9
1205,15207,5871
1206,15809,5536.2
1207,15652,5149.3
1208,14827,5055.5
1209,15802,5331
1210,14988,5089.8
1211,15151,5716.8
1212,15058,5594.3
1213,15701,5372.2
1214,15580,5718.6
1215,15481,4520.9
1216,15351,4564.8
1217,14974,4632.6
1218,14576,5894.3
1219,15450,5766.5
1220,15235,4287.5
1221,15254,5521.6
1222,14869,4885
1223,15364,5056.9
1224,15247,5184.3
1225,14970,5783.6
1226,15266,5632.5
1227,15039,5917.1
1228,15189,4728.6
1229,15398,5179.5
1230,14853,5445.3
1231,15755,5243.1
1232,15731,4350
1233,15162,5562.5
1234,15036,4479.1
1235,14991,4244.3
1236,15154,4239.2
1237,15900,4381.1
1238,15448,5480.8
1239,15229,4922
1240,14443,5448.5
1241,15643,4823.3
1242,15576,4473
1243,18002,5889.7
1244,16654,5028.9
1245,16379,5526.3
1246,16801,4882.4
1247,16854,5651.3
1248,17352,5346.4
1249,16352,5693.5
1250,17522,5607.7
1251,16805,4621.8
1252,16396,5167.7
1253,17526,5283.4
1254,17852,5836.3
1255,17613,5927
1256,17216,5690.9
1257,17731,5827.4
1258,17063,5819.2
1259,16268,5292.9
1260,17595,5707.2
1261,17434,5351.9
1262,17016,5977.9
1263,17942,5188.3
1264,17685,4807
1265,17039,5721
1266,17907,4880.1
1267,17997,5672.5
1268,17508,5828.6
1269,16844,5850.3
1270,17779,5225.8
1271,17744,5723.6
1272,17384,4891.9
1273,16421,5274.3
1274,17787,4755.4
1275,17295,4536.3
1276,17726,5067.1
1277,17572,4840.4
1278,17893,5000.4
1279,17997,5353.9
1280,17460,4552
1281,17725,5475.8
1282,16632,5461
1283,17177,4801.9
1284,17347,4557.1
1285,17734,4978.9
1286,18836,5818
1287,18156,5303.6
1288,19358,5032.3
1289,18947,5924.9
1290,18344,6004.6
1291,20006,5438.2
1292,19187,5955.2
1293,18228,5945.6
1294,18530,5693.7
1295,19196,5226
1296,18293,5223.8
1297,18186,5765.6
1298,19093,5377
1299,18148,5671.2
1300,19247,4986.7
1301,19859,5592.8
1302,19193,4708.9
1303,18872,6003.9
1304,19963,4628.5
1305,19847,5413
1306,18452,5674.4
1307,18209,5516.4
1308,19750,5066.6
1309,19919,5257.7
1310,19926,5043.5
1311,19821,4498.1
1312,19502,4263.2
1313,19173,4948.9
1314,19842,4949.2
1315,19335,4212.3
1316,19581,5148.5
1317,19576,4877.6
1318,19624,4320.6
1319,19730,5327.9
1320,18901,5574.9
1321,19283,4793.5
1322,19328,5246.1
1323,18921,4379.7
1324,19978,4823.2
1325,19548,4686.1
1326,19178,4514.7
1327,18834,4486.6
1328,19812,4320.4
1329,19600,5406.8
1330,19527,5834.7
1331,19103,5494.3
1332,19118,4296.9
1333,19700,5729.6
1334,18997,4563.6
1335,19017,4701.2
1336,18409,5839.8
1337,18364,5497.9
1338,20769,4484.5
1339,20463,4556
1340,20333,5414.1
1341,20859,5880.5
1342,20597,5760
1343,20825,4664.7
1344,20204,5089.4
1345,20457,5114.7
1346,20820,4894.2
1347,20641,5023.4
1348,21080,5197.3
1349,20591,5113.4
1350,21075,5024.6
1351,20203,5220.8
1352,21448,5873.3
1353,20793,5770.6
1354,20571,5258.6
1355,20175,4595.1
1356,21501,4152.8
1357,21281,5905.8
1358,21108,5763.6
1359,20610,4858.7
1360,20329,4936.4
1361,21465,4423.7
1362,21219,5692.2
1363,21133,5247.5
1364,20651,4410.1
1365,21630,4860.2
1366,21384,5492.9
1367,21250,4141.4
1368,21981,4994.2
1369,21021,5633.1
1370,21447,5237.8
1371,21477,5994.5
1372,20237,4731.5
1373,21682,5331.4
1374,20964,4672.1
1375,20735,5153.5
1376,20427,4125.3
1377,21112,5949.7
1378,21837,5442.5
1379,21507,5714.7
1380,21687,5526.6
1381,21526,4521.2
1382,21230,5408.1
1383,22017,4796.7
1384,21793,4635.6
1385,21590,5156.9
1386,21366,4181.8
1387,21350,5999.9
1388,21054,4465.6
1389,21708,4310.1
1390,21934,4745.4
1391,21832,4232.6
1392,21315,4387.1
1393,20842,4145.5
1394,21820,5619.9
1395,21250,4236.5
1396,20972,5959.5
1397,20701,4133.7
1398,20427,5660.4
1399,20130,4915.5
1400,21980,4591
1401,21845,4886.3
1402,21912,4679.1
1403,21611,4649.2
1404,20717,5448.3
1405,20440,4292.2
1406,22040,4421
1407,21153,4340.2
1408,21832,4748.8
1409,21511,5055.2
1410,21130,4186.8
1411,20916,4496
1412,21350,5221.7
1413,22034,4328.4
1414,22039,5323
1415,22039,5544.3
1416,20962,4871.7
1417,21983,5475.5
1418,21772,4668.4
1419,21571,4305.6
1420,21127,4568.1
1421,20860,5526.6
1422,23056,4288.1
1423,24024,4994.4
1424,23884,4800.3
1425,23252,5148.7
1426,23957,5063.5
1427,24029,5151.1
1428,23175,5106.4
1429,23004,4232.1
1430,22186,5074.5
1431,22893,4187.9
1432,23163,5217.8
1433,22833,5334.9
1434,24027,4893.9
1435,22574,5454.4
1436,23342,5152
1437,23228,5657
1438,23097,4758.8
1439,23665,5121.6
1440,22521,4437.7
1441,23970,4237.1
1442,22406,5955.9
1443,22262,4917
1444,23689,5588.6
1445,22512,4831.5
1446,22809,4776.9
1447,24019,4582.1
1448,22620,5325.3
1449,22585,5759.2
1450,22624,5039.9
1451,22181,5273.5
1452,23848,4672.7
1453,23140,4407.6
1454,22942,4593.6
1455,23489,5029.4
1456,23195,5515.7
1457,22313,5434.5
1458,22333,5281.7
1459,24020,5839.6
1460,23475,5985.6
1461,22717,5920.3
1462,22571,6030
1463,23841,5631
1464,23045,4965.4
1465,22741,4512.1
1466,23771,5719.7
1467,22821,5070.2
1468,22413,4535.5
1469,22329,5776.2
1470,23213,5823.6
1471,22274,4640.1
1472,23817,5282
1473,22850,4934.7
1474,22252,5129
1475,23771,5818.8
1476,23395,5915.8
1477,22423,5507.8
1478,22681,4634.6
1479,23690,4245.7
1480,23540,5806.5
1481,23179,5377
1482,22279,5605.5
1483,22877,5941.1
1484,22634,5572.8
1485,23412,5408.5
1486,23593,7278.9
1487,22621,7173.1
1488,23794,6720.9
1489,23207,7391.2
1490,23528,7171.4
1491,23475,6567.6
1492,22898,6861.3
1493,23589,6568.4
1494,23091,7206.4
1495,22956,7381.3
1496,23736,7112.7
1497,23401,7367.7
1498,22813,7893.2
1499,22158,7946.3
1500,23365,7079.8
1501,22721,6529.7
1502,23681,7017.8
1503,23395,6319.2
1504,22597,7819.6
1505,22498,7763.7
1506,23377,8029.4
1507,23299,6771.4
1508,22521,6838.4
1509,22498,6710
1510,23358,6459.5
1511,23343,7254.7
1512,23379,6778.5
1513,22793,7726.6
1514,22698,6655
1515,22831,7461.3
1516,22602,6786.9
1517,22973,6478.1
1518,23125,7959
1519,22811,6358.9
1520,22763,7059.5
1521,22585,7970.6
1522,22293,6970
1523,23722,6549.7
1524,23810,6264.1
1525,23884,6396.9
1526,22721,7537.9
1527,23286,7818.9
1528,22917,6648.1
1529,22347,6707.1
1530,22797,8017.1
1531,22388,8042.2
1532,23908,7965.3
1533,22640,6485.1
1534,23798,7790
1535,23128,7709.7
1536,22568,7089.8
1537,23828,6780.4
1538,23188,6594.4
1539,22190,6822.7
1540,23379,7198.4
1541,22237,7575.4
1542,21317,7986.8
1543,21179,7802.6
1544,20915,7841.5
1545,20348,7139.6
1546,21265,7900
1547,20993,7947.3
1548,20188,7059.3
1549,20212,7230.2
1550,21761,7881.8
1551,20688,7760.1
1552,21528,6251.6
1553,21263,6224.2
1554,21603,7865.1
1555,21374,6301.3
1556,21671,7967.7
1557,20542,7398.2
1558,21784,7465.4
1559,20776,7673.5
1560,20834,6566.8
1561,21908,7555
1562,21779,6318
1563,20561,7729.7
1564,21394,6486.1
1565,21813,7776.4
1566,20456,7658.2
1567,20409,7780.1
1568,21572,6415.4
1569,21193,6510.9
1570,20557,7177.4
1571,21834,7171.1
1572,21451,7548.6
1573,21021,6344.9
1574,21347,7469.5
1575,20783,7207.4
1576,20228,7393.6
1577,20928,6487.3
1578,21541,7650.8
1579,21758,6719.2
1580,21745,6465
1581,20583,6958.3
1582,21702,7692.9
1583,20364,7492.3
1584,19371,6356
1585,19117,6479.7
1586,19321,6234.5
1587,18173,7987.7
1588,19022,6622.1
1589,19468,6236.4
1590,19214,7924.1
1591,19793,7562.2
1592,18862,6359.8
1593,19226,6646.6
1594,19066,6259.5
1595,19312,6711.2
1596,18728,6676.1
1597,18139,7038
1598,18668,6383.3
1599,18132,6622.2
1600,19239,6294.9
1601,18703,6775.2
1602,18550,6611.8
1603,18158,6731.7
1604,19021,6766
1605,18466,6150.1
1606,18279,6891.7
1607,19134,6816.7
1608,18679,6206
1609,19794,8018.2
1610,19113,7822.8
1611,18083,7982.7
1612,19562,6188
1613,18466,6786.5
1614,18225,7834.2
1615,19984,6858.9
1616,19123,8034
1617,18665,8042.8
1618,19104,6332.4
1619,18825,6194.3
1620,19568,6429.5
1621,18973,7175.4
1622,18114,7817.3
1623,18985,7657
1624,18764,6532.5
1625,19010,7081.4
1626,18599,6503.6
1627,18201,6569
1628,19233,7794
1629,19321,7849.4
1630,18951,8004.2
1631,18917,6866.9
1632,18612,7728
1633,19679,7890.7
1634,19452,7768.1
1635,19822,7693
1636,18944,7833.9
1637,19893,6932.3
1638,19155,6287.7
1639,18232,6403
1640,18436,6458.4
1641,18356,7948
1642,19571,6912.3
1643,19508,6527.8
1644,18629,7398.3
1645,19953,7312.6
1646,19342,6910.5
1647,18755,6987
1648,18857,6620.5
1649,19761,7783.2
1650,18619,6299.6
1651,18201,6190.9
1652,18510,6276.1
1653,18948,7511.1
1654,19789,6310
1655,18321,6540.2
1656,17960,6994.2
1657,16415,7084.9
1658,17263,7349.9
1659,17208,6990.3
1660,16235,6565
1661,16455,7550.5
1662,17749,8003.9
1663,17427,7764.7
1664,17266,7735.1
1665,16413,6603.8
1666,17410,6949.4
1667,16225,7025.6
1668,17746,6967.6
1669,16418,7346.4
1670,16223,7723.7
1671,17259,7131.4
1672,17028,7693.9
1673,16560,7870.9
1674,16508,6990.7
1675,16445,7708.2
1676,17867,7062
1677,17486,7594.8
1678,17035,6938.8
1679,17586,7892.4
1680,17175,7465.9
1681,16567,7165.5
1682,16591,6518.2
1683,17792,7617.3
1684,16607,7490.2
1685,16263,7232.1
1686,16974,7196.9
1687,17893,6606
1688,16107,6763.4
1689,17252,7931.7
1690,16399,6936.6
1691,17750,6446
1692,16893,6254.3
1693,17542,6832.8
1694,17759,6767
1695,17091,7068.5
1696,16736,7029.7
1697,16507,6558.1
1698,17547,7368.9
1699,17737,7044.4
1700,15778,7688.1
1701,15643,7120.5
1702,15488,7810.7
1703,14616,7099.5
1704,14311,7706.6
1705,15738,7097.3
1706,15165,7540.6
1707,15597,7993.5
1708,14269,7360.4
1709,15364,7258.6
1710,15050,7186.2
1711,15518,7031.4
1712,15854,7474.3
1713,15351,7752.3
1714,15629,6577.6
1715,15443,7473.3
1716,15353,7092.7
1717,15039,7534.3
1718,14930,7034.2
1719,14442,7790.3
1720,15002,7613.4
1721,14374,8001.9
1722,14970,7472.1
1723,14456,7441.3
1724,15695,7569.7
1725,14889,7175.5
1726,15168,7076
1727,14377,7300.7
1728,15142,7313.8
1729,14331,7557.4
1730,14238,6804.3
1731,15607,7378.5
1732,15586,7213.8
1733,15264,7444
1734,15023,7569
1735,15259,7980.3
1736,15144,6465.1
1737,14399,6517.8
1738,15118,7975.4
1739,14432,6619.1
1740,14578,7601.2
1741,15628,7936.5
1742,15152,6967.8
1743,14785,7678.8
1744,14822,7957.6
1745,14836,7848
1746,15656,6776
1747,15800,6634.6
1748,14273,6574.3
1749,15091,7744.5
1750,14679,7627.6
1751,12774,7862.5
1752,12704,6370.2
1753,12678,6506.7
1754,12126,6891.6
1755,13700,7290.4
1756,12797,7226.4
1757,12272,7067.3
1758,12141,7929.9
1759,12985,7774.4
1760,12857,6467
1761,12177,7548.7
1762,12795,7978.4
1763,12653,7170.1
1764,12338,7479
1765,13570,7815
1766,12545,7582.8
1767,12155,7749.9
1768,12942,7204.8
1769,12881,7351.5
1770,12242,8029.3
1771,12320,7213.1
1772,12738,6630.6
1773,13258,7186.8
1774,12530,6518.4
1775,13489,7904
1776,12924,7983.2
1777,12226,7339.1
1778,13666,7126.5
1779,13230,6393.1
1780,13083,7281.8
1781,13742,7963.1
1782,13460,7387.9
1783,13206,7051.9
1784,12786,8054.4
1785,12581,7012.3
1786,12092,6510.5
1787,13651,6618.4
1788,13196,6675.1
1789,13720,7664.7
1790,13056,6313.6
1791,13069,7542.6
1792,12496,6828.8
1793,13412,6649.9
1794,11656,7629.2
1795,11257,7513.4
1796,11319,7607.7
1797,11268,7034.8
1798,11119,7131.6
1799,11159,6929.2
1800,10935,7146.5
1801,10896,6349.9
1802,10762,7803.3
1803,10601,7689.1
1804,11027,7743
1805,11009,6944.9
1806,11400,7410.9
1807,11205,7703.3
1808,10222,7904.3
1809,11342,7706.7
1810,11338,7234.1
1811,11483,7565.1
1812,11653,7424.9
1813,10857,7062
1814,11753,7473.3
1815,10802,7944.2
1816,10620,7335.3
1817,11821,7056
1818,11686,7542.7
1819,10970,7978.8
1820,10893,7763.4
1821,11755,7154.2
1822,11855,7217.8
1823,11104,6757.4
1824,11768,6555.1
1825,9574.8,6885.4
1826,9392.6,6391.5
1827,9433.4,7923.1
1828,9253.3,6931.5
1829,9283.4,7370.5
1830,9237.3,6721.6
1831,9118.8,6620.6
1832,9118.1,7484.1
1833,9118.8,7248.8
1834,9108.6,6416.7
1835,8878.8,6406.7
1836,8741.3,7332.9
1837,8756.5,7416.3
1838,8727.9,6252.6
1839,8662.7,7579.1
1840,8416.2,7314.9
1841,8431.3,6376.8
1842,8202.5,7327.9
1843,8107.9,7400.1
1844,9546.4,7836.9
1845,9436.3,7244.8
1846,9169.8,6530.1
1847,9152.9,6765.6
1848,8157.3,6980.3
1849,9516.1,7052
1850,9530.3,7180.8
1851,9694.3,7131.8
1852,9450.6,8042.8
1853,8398.4,7163.8
1854,9374.2,6923.6
1855,9116.4,7018
1856,8227.3,7780.5
1857,8104.8,7089.3
1858,9298.4,6202.3
1859,8536.5,7247
1860,9092.7,7641.2
1861,8711.2,6783.6
1862,8241.1,7171.8
1863,8083,7198.3
1864,7642,7268
1865,7616.8,7097.9
1866,7615.1,7298.3
1867,7333.9,6138
1868,7097.5,8038.7
1869,7011.4,7480
1870,6849.6,6229.9
1871,6793.3,7330.5
1872,6567.8,7328.8
1873,6530,6326.6
1874,6654.5,7890.4
1875,6511,7411
1876,6315.6,7671.3
1877,6358.1,6345.9
1878,6233.7,7352
1879,6111.3,6689.9
1880,6041.7,7185.3
1881,6992.1,6136
1882,6349.3,6506.5
1883,6858.6,6379.1
1884,6055.4,7307.6
1885,6177.2,6562.2
1886,6150.8,7046.3
1887,7702.2,7075.5
1888,6833.1,7912.1
1889,7698.8,7651.9
1890,7348.8,7768.4
1891,6711.9,7623.9
1892,6689.1,6253.2
1893,6357.6,7538.2
1894,6500.4,7603.9
1895,6109.3,6822
1896,7878.5,7149.6
1897,7688.8,7917.2
1898,7044.2,7660.9
1899,6534.2,6976.4
1900,7163,7837.9
1901,6326.1,6967
1902,6390.8,7411.8
1903,7236.9,7590.3
1904,6456.8,6600.3
1905,6186.7,7483
1906,6460.2,7771.3
1907,7848.1,6843.9
1908,7651.7,7567.9
1909,6627.8,6575
1910,5340.9,6677.2
1911,5341.3,6762.3
1912,5377.9,7848.4
1913,5336.9,6219.1
1914,5226.4,7641.9
1915,5212.5,6818.3
1916,5158.4,6968.9
1917,5125,6674.7
1918,5059.4,6844.9
1919,4991,7094.3
1920,4940.3,6796
1921,5067.2,6568.6
1922,4900.1,7416.4
1923,4808.3,7089.3
1924,4751.7,7405.1
1925,4699,6899.3
1926,4735.8,7011.8
1927,4579.4,7123.7
1928,4626.8,7286.7
1929,4427.5,7348.3
1930,4169.5,6428.8
1931,4075,6560.3
1932,4113.4,7457.9
1933,5039.5,7554.5
1934,4876.1,7346.8
1935,4483,7460.4
1936,4335.3,7644.5
1937,5212.3,6478
1938,4917.1,6380.9
1939,5445.8,6862.4
1940,5504.3,6446.5
1941,4518.2,7638.6
1942,5556.2,6776
1943,5261.6,7466.1
1944,4576.9,7772
1945,5180.3,6332.8
1946,5127.6,7743.2
1947,4917.4,7672.2
1948,5088.3,6481.6
1949,5000.2,6278.8
1950,4513.7,6411.3
1951,5299.3,6933.2
1952,5156.8,8002.7
1953,5181.3,7579.5
1954,4741.1,8014.1
1955,3749.5,7603
1956,3649.3,7670.9
1957,3531.8,7537.4
1958,3428.7,7398.9
1959,3466.4,6431.6
1960,3371.7,7548.8
1961,3337.5,7299.1
1962,3279.8,6484.9
1963,3275.3,6776.9
1964,3141.9,7174.9
1965,3243.6,7599.2
1966,3196,6659.1
1967,2856.5,6527.1
1968,3031.3,7645.6
1969,2793.5,7815.7
1970,2736.9,7039
1971,2980,7904.5
1972,2919.4,7740.9
1973,2776.4,6896.7
1974,2494.6,6597.3
1975,2547.1,7944.2
1976,2481.7,6675.7
1977,2533.8,7251.1
1978,2445.1,6472.5
1979,2497.1,6867.8
1980,2342.1,7188.6
1981,2242,7373.7
1982,2329.2,6488
1983,2257.8,7474.9
1984,2201,6477.1
1985,2210.5,7124.2
1986,2203.3,6920.4
1987,2126.4,7282.2
1988,3564.9,7645.1
1989,2782.6,7192.8
1990,2349.8,7602.8
1991,3348.9,6307.2
1992,3074,7797.8
1993,2775.4,7839.8
1994,2424.7,7302.9
1995,2851.6,7501.8
1996,2699.1,7339.9
1997,2526.5,6793.8
1998,1778.7,7511.9
1999,1601.1,7761.2
2000,1445.2,7653
2001,1271.1,7228.9
2002,1365.4,7707.6
2003,1375.6,7838.4
2004,1271.8,7082.3
2005,1193,6866.8
2006,1106.2,6956.1
2007,1115.9,6689.7
2008,994.28,6798.1
2009,1039.5,6732.3
2010,922.73,6312.1
2011,1021.1,7064.7
2012,923.85,6532.9
2013,760.57,7568.4
2014,640.41,7590.8
2015,572.57,7418.4
2016,708.13,7474.7
2017,611.24,7046.8
2018,576.47,7145.6
2019,473.69,7213.4
2020,407.3,7328.4
2021,410.25,6996
2022,381.91,7123.2
2023,338.78,6855.9
2024,267.56,7338.9
2025,195.02,7216.3
2026,136.52,7825.2
2027,87.192,7946.4
2028,102.04,7640.2
2029,160.33,6402.9
2030,873.61,7067.1
2031,158.3,6952.2
2032,1630.8,7904.3
2033,699.69,7286.8
2034,326.46,6484.2
2035,1557.6,7622.9
2036,531.72,6268.6
2037,464.94,6536.8
2038,59.501,6708.2
2039,1285.7,7367.7
2040,222.09,6606.1
2041,91.69,6525.7
2042,1566.4,7183.5
2043,254.01,7979.9
2044,605.81,6498
2045,1111.9,7147.5
2046,642.74,6334.9
2047,130.27,7497.1
2048,1420.2,8953.5
2049,1281.8,9428.7
2050,1225.9,9305.3
2051,1227.1,9614.7
2052,1129.2,8954.9
2053,1075.3,9252.2
2054,945.6,8432.8
2055,891.93,8269.5
2056,730.49,8281.8
2057,548.14,9515.4
2058,478.11,8563.4
2059,499.69,9097.6
2060,380.88,9230
2061,244.8,9256
2062,267.31,9484.9
2063,166.17,9663.7
2064,932.79,9856.3
2065,1009.1,9405.1
2066,677.49,9730.9
2067,597.64,9318.4
2068,1084,9678.5
2069,981.63,8535.5
2070,1670.3,8958.1
2071,1249.7,9510.4
2072,826.07,9738.6
2073,1447.8,9665.7
2074,1246.6,9876.8
2075,1461.2,8670.5
2076,1169.8,8510.8
2077,537.95,8431
2078,727.04,9544.8
2079,905.11,9621.5
2080,374.81,9582
2081,3796.8,9387.9
2082,3280.4,9661.2
2083,3328.2,9550.6
2084,3308.8,8961.8
2085,2936.1,9356.8
2086,2763.7,8558.4
2087,2565,8661.9
2088,2513.7,9363
2089,2501.3,8917.2
2090,2436,9264.3
2091,2234.1,9423
2092,2944.9,8851.9
2093,3242.2,8431.1
2094,3376.1,8519.1
2095,3459.4,8802.1
2096,2414.8,8668.6
2097,3571.6,9142.3
2098,3527.4,8416.7
2099,3478.5,8922.7
2100,2944.6,8456.5
2101,2810.9,8649.5
2102,2604.9,8508.8
2103,2662.1,9253.9
2104,3493.1,9416.4
2105,3319.7,9751.2
2106,3553.7,8602.2
2107,3118.7,8674.9
2108,2897.8,9465.6
2109,2754.8,9412.3
2110,2557.9,8702.7
2111,2329.3,9294.1
2112,3412.5,9766
2113,3769.8,8816.7
2114,3164.5,8766.6
2115,3103.7,8470.5
2116,2264.8,8583.1
2117,3671.7,9407.8
2118,3653.6,9066.3
2119,2867.1,9653.9
2120,5574.5,8810
2121,4519.1,9957.6
2122,4437.4,9939.6
2123,4259.7,9817.1
2124,5046,8820.8
2125,4958.5,9402.9
2126,4611.7,9369.1
2127,4259.5,8993.4
2128,5453.6,9078.3
2129,4775,9759
2130,4464.2,9768.3
2131,5399.4,8751.4
2132,4657.3,9711
2133,4661.3,8711
2134,4140.7,9969
2135,5602,9992
2136,4542.9,9438.6
2137,5291.2,9648.9
2138,4193.9,9667.2
2139,5862.2,8682.1
2140,5568.6,9841.4
2141,5495.2,9408
2142,5305.3,8622.5
2143,5336.5,9971.4
2144,4431.7,8449.5
2145,5373.1,9213
2146,5166.2,9845.3
2147,4976.3,9669.7
2148,4944.6,9963.7
2149,5160.1,9497.2
2150,4809.7,8252.7
2151,4706.1,8826.2
2152,4448.5,9345.7
2153,4244.7,8679.6
2154,4146.3,9586.4
2155,4171,9201
2156,4889.6,8734.6
2157,5637.5,9380.4
2158,5098.4,8975.6
2159,5696.5,8881.8
2160,4830.3,9500.5
2161,4343.8,9678.7
2162,4396.2,8333.5
2163,5163.5,8686.9
2164,4782.8,8487.4
2165,5790.1,8888.7
2166,4977.3,9179.3
2167,5208.2,9759.1
2168,4908.4,8949.3
2169,5535.7,9595.6
2170,5358.1,8396
2171,4276.6,9875.6
2172,4647.9,8372.2
2173,5814.3,9646.4
2174,4547.7,8602.9
2175,5612.5,9129.8
2176,5731.9,9914.3
2177,5530.6,9401.8
2178,4471.2,8955
2179,4999.4,8354.7
2180,7777.4,9644.9
2181,7677.6,9551.6
2182,7587.2,9200.4
2183,7545.1,9411.4
2184,7440,9320.5
2185,7505.3,9646.1
2186,7530.1,9799.3
2187,7415,9567
2188,7279.4,9791.4
2189,7204.3,9203.8
2190,7122,9585.7
2191,7104.3,9403.9
2192,6937.6,9557.8
2193,6740.4,8855.4
2194,6682.3,8230.3
2195,6713.8,8491
2196,6680.6,8497.8
2197,6519.8,8300.3
2198,6445.1,8643.5
2199,6294.4,9933.8
2200,6201.9,9978.4
2201,6218.4,9740.5
2202,7336.4,9461
2203,7350.4,9156.9
2204,6502.2,8207.4
2205,7016.2,9306.2
2206,6523,9871.2
2207,7769.8,9276.7
2208,7583.9,9494
2209,7296.1,9650.4
2210,6233.2,8961.2
2211,6829.1,8837.3
2212,7231.8,9003.9
2213,7126.6,9528.1
2214,6224.6,8373
2215,6135.9,9307.9
2216,6605.1,8328.4
2217,6328.7,9714
2218,7792.6,10011
2219,6994.6,9176.4
2220,6239.6,8769.7
2221,7596.5,9072.2
2222,6829.1,9452.4
2223,7369.5,9800.9
2224,6474.6,9050.6
2225,6456.7,8808.7
2226,6657.8,9316
2227,6743,9597.4
2228,11973,8619.9
2229,11383,8753.4
2230,11189,8704
2231,11017,9444.9
2232,10885,9393.7
2233,10971,9675.4
2234,10816,9954.8
2235,10721,9496.4
2236,10628,9961.9
2237,10539,9287.2
2238,10557,9642.6
2239,10515,9447.7
2240,10395,9405.2
2241,10318,8859.4
2242,11956,9179.9
2243,10743,9676.2
2244,11377,8523.2
2245,11948,8422.3
2246,10552,9816.2
2247,11907,8824.8
2248,11606,8895.7
2249,10907,8437.5
2250,10814,9805.2
2251,11947,8331.2
2252,11403,8408
2253,11571,9592.7
2254,11686,8831.5
2255,11198,8240
2256,11449,9629.8
2257,11944,8500.2
2258,11974,9054
2259,11753,9171.1
2260,11614,9138.7
2261,11987,8869.2
2262,11267,9731
2263,13070,10029
2264,12790,8592.5
2265,12744,9680.3
2266,12616,9826.4
2267,12264,9265.8
2268,13865,9768.7
2269,13953,9034.8
2270,13867,9407.1
2271,12832,9575.9
2272,12255,9078.9
2273,13469,9522.9
2274,12872,8748.9
2275,13208,8265.1
2276,13000,9658.4
2277,12669,8421.3
2278,12153,9004.6
2279,13407,8274.8
2280,12330,8420.3
2281,12504,8324.5
2282,13070,9422.9
2283,12523,8641.5
2284,12366,8650.3
2285,12477,9078.6
2286,13180,9642.9
2287,12778,8287.6
2288,12529,8771.4
2289,13308,8883.2
2290,13173,9021.2
2291,13073,8866.1
2292,13203,8720.5
2293,12107,8788.4
2294,12664,8783.7
2295,12246,9350.2
2296,12767,8814.6
2297,12543,8574.3
2298,13133,8515.3
2299,12350,8894.7
2300,13623,9458.8
2301,13523,9247
2302,13207,8876.7
2303,13005,8652
2304,12496,8432.7
2305,13536,8942.9
2306,13923,8731
2307,13283,8401.8
2308,13498,9441.2
2309,15947,8272.4
2310,15553,9022.7
2311,15283,9174.2
2312,15075,8949.6
2313,15108,9569
2314,15072,8222.1
2315,14736,8958.3
2316,14540,9017.3
2317,14612,8846.7
2318,14385,8344
2319,14207,9824.1
2320,14967,9982.7
2321,15110,8848.7
2322,14519,8634.3
2323,14389,9044.2
2324,14620,9996.3
2325,15372,8888.1
2326,14875,8969
2327,15173,8582.4
2328,14870,9661
2329,14334,9840.7
2330,14436,8855.7
2331,14349,8694.9
2332,14354,9531
2333,14929,8601.6
2334,15255,8970.4
2335,15654,8281.6
2336,15442,9148
2337,14936,9765.1
2338,14530,8275.9
2339,15111,9651.1
2340,14889,9465.6
2341,15609,9291.7
2342,15170,8734.8
2343,14252,9176.3
2344,15300,9738.6
2345,15355,8643.6
2346,14714,9351.2
2347,15874,8439.4
2348,15584,9532.3
2349,15387,8259.2
2350,15450,8427.8
2351,16595,8792.6
2352,17563,8685
2353,16847,8842.5
2354,17158,8639.9
2355,16520,8197.3
2356,16796,8266
2357,17373,8631.3
2358,16909,8917.8
2359,17602,8747.9
2360,17347,8410.3
2361,16685,8379.1
2362,16484,8914.6
2363,17407,8832.3
2364,17229,8473.3
2365,17722,8753.6
2366,16690,8241.7
2367,16676,8614.5
2368,17128,8198.4
2369,16345,8354.9
2370,16224,8655.4
2371,16387,8811.4
2372,17727,8539.4
2373,16889,8657.4
2374,17518,8671.5
2375,16510,8619.3
2376,16415,9074.9
2377,17832,8677.5
2378,18005,8330.9
2379,18008,8615.2
2380,17269,8923.1
2381,17369,9137.7
2382,17148,9083.1
2383,17664,8829.4
2384,17381,9072.2
2385,16509,9249.1
2386,16377,9232
2387,17562,9175.1
2388,18999,8472.1
2389,19634,8500.4
2390,18922,8584.9
2391,19375,8751.4
2392,18786,8210.4
2393,19539,8278
2394,18289,8265
2395,19999,8605.3
2396,19860,8701.5
2397,18976,8183.4
2398,19164,8369.4
2399,19878,8315.1
2400,19689,8652.3
2401,18536,8287.8
2402,18437,8528
2403,19545,8780.1
2404,18782,8387.5
2405,19918,8460
2406,19546,8944.7
2407,18764,8962.3
2408,19196,8557.7
2409,19248,8894
2410,18658,8859.6
2411,18763,8587.4
2412,19148,8698.8
2413,18335,8508.9
2414,19960,9429
2415,19368,8309.7
2416,19420,9080.1
2417,18976,8974.8
2418,19638,8868.2
2419,18362,8863.4
2420,18912,8798.7
2421,19310,9102.2
2422,18732,9169
2423,19355,9260
2424,19041,9143.2
2425,21779,8867.7
2426,21551,8850.4
2427,21357,8921.2
2428,21236,9035.4
2429,21205,8962.4
2430,21197,8738.1
2431,21087,8986.1
2432,21408,9090.3
2433,21071,8627.9
2434,21578,8878.2
2435,21344,8784.1
2436,20992,8733.5
2437,20911,8586.2
2438,20748,8547.1
2439,21401,8888.5
2440,20745,8879.4
2441,20426,8296.4
2442,20298,8468.3
2443,22001,8363.2
2444,21705,8585.9
2445,20609,8854.7
2446,20279,8791.8
2447,22019,9263.1
2448,21019,9124.1
2449,20649,8636.3
2450,21186,8689.3
2451,20564,9124.7
2452,21000,9324.5
2453,21706,8948
2454,20858,8984.2
2455,20896,9419
2456,21016,9228.8
2457,21781,8446.5
2458,21801,8338
2459,20717,9294
2460,23092,9814.3
2461,23515,9790.7
2462,22929,9946
2463,22743,8332.5
2464,22790,9789.4
2465,22719,9856.1
2466,23086,8857.8
2467,23299,9758.8
2468,22992,8766.7
2469,22705,8228.8
2470,22250,9190
2471,22219,9066.3
2472,22357,9140.8
2473,23974,8290.3
2474,23228,9895.3
2475,23208,8915
2476,22961,8246.2
2477,23320,8487.8
2478,22693,8812
2479,24009,8545.1
2480,23869,9384.3
2481,23800,9211.9
2482,23020,9315.1
2483,23602,8849.2
2484,23308,8619.2
2485,23776,8291.4
2486,23213,9945.3
2487,22710,9397.4
2488,23519,8204
2489,22996,9219.7
2490,22816,9896.2
2491,22584,9481.9
2492,23942,9303.9
2493,22929,8850.9
2494,22654,9866.5
2495,22512,9872.1
2496,23899,8413.7
2497,22550,8818.5
2498,23936,8632.2
2499,23335,8777.1
2500,22351,8547.4
2501,22838,8767.6
2502,22463,8621.2
2503,23164,9547.8
2504,22853,8468.1
2505,22785,9585.1
2506,22581,8776.8
2507,23648,8260.9
2508,23142,9824.3
2509,23595,8397.8
2510,23288,9172.4
2511,22655,9593.6
2512,23342,10297
2513,23456,10428
2514,23413,10566
2515,23322,10399
2516,22794,10243
2517,23211,10319
2518,23101,10266
2519,23136,10443
2520,13202,10946
2521,13292,11024
2522,12967,10799
2523,12663,10700
2524,12762,11319
2525,12679,10953
2526,12625,11290
2527,12574,11638
2528,12540,10879
2529,12429,11521
2530,12549,11489
2531,12278,11331
2532,12229,11515
2533,12244,11684
2534,12401,11373
2535,12845,11413
2536,12434,10758
2537,12859,11084
2538,12897,10898
2539,13171,11131
2540,13515,10886
2541,13320,11257
2542,12550,11609
2543,13002,10419
2544,12519,11360
2545,12148,11239
2546,13161,11259
2547,13144,10497
2548,12270,10828
2549,12435,11562
2550,12347,11033
2551,12667,10257
2552,12849,10334
2553,13100,11933
2554,13230,11764
2555,12633,12051
2556,13023,11329
2557,12563,10292
2558,12947,11999
2559,11433,11520
2560,11204,11984
2561,11284,10987
2562,11234,11454
2563,11281,11532
2564,10906,11999
2565,10683,10994
2566,10618,11197
2567,10482,11696
2568,11250,11212
2569,11245,10250
2570,10653,10270
2571,10558,10433
2572,10673,11686
2573,11380,11362
2574,11004,10334
2575,11055,10664
2576,11347,10761
2577,10637,11396
2578,10584,10662
2579,10382,11154
2580,11492,10737
2581,10801,10496
2582,10332,10313
2583,10078,10393
2584,11339,10446
2585,11161,12053
2586,10949,11712
2587,10851,10735
2588,11157,11025
2589,10657,11569
2590,11097,10818
2591,10335,11798
2592,10219,11397
2593,11575,11299
2594,11375,11114
2595,10922,11201
2596,11054,11645
2597,10529,11537
2598,11055,11887
2599,10422,10638
2600,10237,10438
2601,10249,10614
2602,10188,10932
2603,10649,12006
2604,10995,11421
2605,10741,10699
2606,9133.2,11646
2607,8862.1,10750
2608,8755.4,10830
2609,8685,10739
2610,8579,10572
2611,8327.8,11887
2612,8337.1,11607
2613,8077.3,11243
2614,8096.5,11030
2615,8126,11371
2616,8991.2,11741
2617,8850.2,11739
2618,8063.5,11485
2619,8918.1,10349
2620,9190.3,11957
2621,8272.8,11687
2622,8176.7,10487
2623,8229.5,11804
2624,8758.6,11577
2625,8085,10414
2626,9228.4,11680
2627,9768.9,11286
2628,9729.9,12024
2629,8718.8,11832
2630,8660.4,11061
2631,8503,10371
2632,8224,10388
2633,9011.2,11922
2634,9754.6,11703
2635,8953.2,12016
2636,8132.6,11132
2637,8477.5,11784
2638,9522.4,11729
2639,9371,11766
2640,8484.8,12043
2641,7587.1,11443
2642,7360.9,11361
2643,7331.8,11227
2644,7257.6,11182
2645,7306.6,10615
2646,7299.1,11514
2647,7205.7,11533
2648,7088.4,11373
2649,6898.5,11317
2650,6788.5,11404
2651,6655.8,11490
2652,6651.3,11312
2653,6674.6,11399
2654,6501.9,11321
2655,6389.4,11253
2656,6266.6,11228
2657,6224.2,11347
2658,6930.8,11401
2659,7135.8,11233
2660,6241.4,11476
2661,7172.8,10592
2662,6432.3,11436
2663,7239.7,10756
2664,6790.3,11221
2665,7642.4,11634
2666,7403.9,10447
2667,7340.4,11065
2668,7157.1,11396
2669,7396.5,10718
2670,7723.4,10496
2671,6176,10983
2672,7815.2,11045
2673,7015.7,10874
2674,6782,10882
2675,5747.4,11352
2676,5226.4,10607
2677,5126.8,10525
2678,5099.3,10338
2679,5033.8,10202
2680,4985.4,11450
2681,4932.7,11287
2682,4870.2,11720
2683,4701.5,11233
2684,4736.7,11368
2685,4719.4,11475
2686,4649.2,10437
2687,4655.2,11634
2688,4586.4,10935
2689,4578.9,11072
2690,4417.1,10937
2691,4180.8,11145
2692,4183.2,10856
2693,4560.2,11627
2694,4148.2,10990
2695,4716.6,11774
2696,4310.4,11353
2697,4998.3,11599
2698,4881.2,10590
2699,4516.4,11830
2700,5632.9,10577
2701,5336.1,10362
2702,5246.4,11510
2703,5034.6,11763
2704,4227.1,10703
2705,5633.7,10938
2706,5457.2,10631
2707,4371.3,11740
2708,4493.8,10525
2709,5501,10754
2710,4336.3,11122
2711,4786.3,10475
2712,5365.6,10639
2713,4851.5,11891
2714,4309.9,11521
2715,3728,10468
2716,3737.3,10694
2717,3727.3,11186
2718,3511.2,11348
2719,3438.5,10543
2720,3457.7,10242
2721,3314.7,11048
2722,3291.5,11408
2723,3269.8,10363
2724,3193.3,10734
2725,3259.8,10869
2726,3100.7,11394
2727,2971.5,11340
2728,2945.5,10747
2729,2922.3,10291
2730,2697.9,11763
2731,2475.6,11804
2732,2502.8,10215
2733,2576.2,10335
2734,2512.7,10493
2735,2520.3,11469
2736,2258.9,10994
2737,2652.7,11441
2738,3699.4,11634
2739,2648.7,10828
2740,3668.9,10249
2741,3472.4,11226
2742,2986.6,10965
2743,2931.3,10580
2744,3719.9,10876
2745,3583.2,11159
2746,2418.9,11513
2747,2945.2,11105
2748,3588.7,11849